Pillar,Avg_Combined_Pct,Std_Combined_Pct,Min_Combined_Pct,Max_Combined_Pct,Avg_Improvement_Potential_Pct,Avg_Marker_Improvement_Pct,Avg_Marker_Contribution,Avg_Survey_Contribution,Avg_Education_Contribution,Allocation_Markers,Allocation_Survey,Allocation_Education
Healthful Nutrition,59.70125424830117,7.167087312925757,45.100091855792726,75.15987855593457,70.00793618956203,48.627223097540906,0.43766019369392484,0.1133523487890868,0.046,0.72,0.18,0.1
Movement + Exercise,54.285449532364986,7.539394648104026,35.19332308133592,78.94498785844716,87.72220520984398,43.48826168836476,0.3116097932208071,0.18324470210284272,0.04800000000000001,0.54,0.36,0.1
Restorative Sleep,59.67890036289693,6.755611658030645,46.503429185704036,75.81753829500062,69.6929818367823,50.9654475909742,0.33379460362896934,0.2134944,0.04950000000000001,0.63,0.27,0.1
Cognitive Health,58.26654929074775,8.095145430697881,40.36334511915742,73.99275181402206,75.15985474913242,27.935474290683636,0.20236549290747738,0.33480000000000004,0.0455,0.36,0.54,0.1
Stress Management,58.87725678840092,11.207771062608849,31.642740180268458,84.90640223424379,76.4803174661733,20.553268366945385,0.15494009729577385,0.38283247058823533,0.051000000000000004,0.27,0.63,0.1
Connection + Purpose,62.62722312869969,10.091585222655176,35.972945174051816,90.68736180904521,64.20919781949054,20.027086872607434,0.06160823128699684,0.5156639999999999,0.049,0.18,0.72,0.1
Core Care,66.74778407049978,6.1049986495742585,55.14959681836793,82.37097514632265,51.05438268238849,31.084813521407003,0.29165118004400903,0.33382666066098876,0.042,0.495,0.405,0.1
