Pillar,Avg_Combined_Pct,Std_Combined_Pct,Min_Combined_Pct,Max_Combined_Pct,Avg_Improvement_Potential_Pct,Avg_Marker_Improvement_Pct,Avg_Marker_Contribution,Avg_Survey_Contribution,Avg_Education_Contribution,Allocation_Markers,Allocation_Survey,Allocation_Education
Healthful Nutrition,61.59841777959946,7.53503381650345,43.0696103338739,78.95058696920646,64.8126139665426,46.81320009938064,0.4405793962266613,0.12040478156933336,0.055,0.72,0.18,0.1
Movement + Exercise,64.25142678682295,9.512809081772495,31.069475969923992,84.16034293817741,60.03620510816362,36.28786688353135,0.32042140857049195,0.26959285929773746,0.0525,0.54,0.36,0.1
Restorative Sleep,61.36603854216492,7.956267549204048,42.681978832995256,77.11210815388448,65.75735485989846,47.11977031736432,0.3518875854216492,0.2107728,0.051,0.63,0.27,0.1
Cognitive Health,57.8098040221737,9.65043971959496,27.21091591723465,87.58651414210745,78.69729364816588,29.68215094920603,0.19713404022173703,0.33296400000000004,0.04799999999999999,0.36,0.54,0.1
Stress Management,66.57746897823829,12.780440341691635,39.69214867059731,93.35671693800323,55.915459036853875,17.578511140254058,0.15972412111700562,0.45255056866537724,0.0535,0.27,0.63,0.1
Connection + Purpose,63.17611830736019,9.344362691280088,43.02163695013624,79.08356247197592,61.88948496955736,19.967371166519307,0.05792118307360192,0.52884,0.045,0.18,0.72,0.1
Core Care,67.5195904107143,6.195106973202877,47.794461338981655,82.17513672958023,49.426052351505334,30.223509101533338,0.29616875886531746,0.3275271452418255,0.051500000000000004,0.495,0.405,0.1
