Pillar,Avg_Combined_Pct,Std_Combined_Pct,Min_Combined_Pct,Max_Combined_Pct,Avg_Improvement_Potential_Pct,Avg_Marker_Improvement_Pct,Avg_Marker_Contribution,Avg_Survey_Contribution,Avg_Education_Contribution,Allocation_Markers,Allocation_Survey,Allocation_Education
Healthful Nutrition,61.710538939729304,7.579778993614628,39.5450413286176,78.08242560436311,64.7305358935033,46.04031589748157,0.44593037628814075,0.12167501310915231,0.0495,0.72,0.18,0.1
Movement + Exercise,63.70391504811449,9.260614122199636,39.48214172278665,83.81753418397506,60.75856839776748,37.818821402935384,0.31163419104594037,0.27040495943520454,0.055,0.54,0.36,0.1
Restorative Sleep,61.71830934006867,7.075566477542607,46.83040416119643,77.34240699454482,64.16406099262048,46.8317177486862,0.35045349340068666,0.21072960000000002,0.055999999999999994,0.63,0.27,0.1
Cognitive Health,57.22214535045622,9.521872680475166,31.56865292384442,77.40652860304562,80.14844018292402,29.968805194281064,0.19675745350456217,0.319464,0.055999999999999994,0.36,0.54,0.1
Stress Management,66.36653853709097,12.925615176971005,31.24183333624653,104.20295638247876,57.11726834361335,17.819645566811463,0.1581612490072734,0.4550041363636364,0.050499999999999996,0.27,0.63,0.1
Connection + Purpose,62.385675017659686,9.866597458362708,36.939509135147084,78.42543259196273,65.0509557343243,20.79450373649969,0.05493275017659688,0.521424,0.0475,0.18,0.72,0.1
Core Care,67.48655212428511,7.321437497435439,48.752947222850146,84.94457973924916,49.97966304560062,30.097000530026126,0.2991833238708413,0.32168219737200976,0.054000000000000006,0.495,0.405,0.1
