Pillar,Avg_Combined_Pct,Std_Combined_Pct,Min_Combined_Pct,Max_Combined_Pct,Avg_Improvement_Potential_Pct,Avg_Marker_Improvement_Pct,Avg_Marker_Contribution,Avg_Survey_Contribution,Avg_Education_Contribution,Allocation_Markers,Allocation_Survey,Allocation_Education
Healthful Nutrition,59.448664204062794,7.585330669413811,42.297914114608446,72.37782576185839,71.0412816024604,49.207174888626085,0.4360080119036415,0.1109786301369863,0.0475,0.72,0.18,0.1
Movement + Exercise,61.552558269449136,12.678663865418983,39.62101186852127,107.3026136748129,68.64715679845735,38.94590925744112,0.3116097932208071,0.2589157894736842,0.04500000000000001,0.54,0.36,0.1
Restorative Sleep,59.67890036289694,6.931087927609892,37.972808431207625,71.69361322260545,70.11153447194582,51.13650942140512,0.3337946036289693,0.2134944,0.0495,0.63,0.27,0.1
Cognitive Health,58.28272980639275,8.879690950080661,39.201706287436,77.16884269043089,75.91111343592748,28.31519564922818,0.2010272980639275,0.3348,0.04699999999999999,0.36,0.54,0.1
Stress Management,69.28616107853405,14.82193441639947,39.84703606854802,101.18419793116655,51.55582918456044,17.92874705235357,0.15330229260352238,0.48605931818181813,0.053500000000000006,0.27,0.63,0.1
Connection + Purpose,63.37722312869969,9.99304288301203,38.472945174051816,85.68736180904521,62.16338859811446,19.709286895286166,0.061608231286996856,0.515664,0.056499999999999995,0.18,0.72,0.1
Core Care,69.2045788825329,4.811079661507356,57.53182969566374,78.62635887703163,45.20018470994687,29.645071886576385,0.2927356579352766,0.35281013089005236,0.04650000000000001,0.495,0.405,0.1
