Pillar,Avg_Combined_Pct,Std_Combined_Pct,Min_Combined_Pct,Max_Combined_Pct,Avg_Improvement_Potential_Pct,Avg_Marker_Improvement_Pct,Avg_Marker_Contribution,Avg_Survey_Contribution,Avg_Education_Contribution,Allocation_Markers,Allocation_Survey,Allocation_Education
Healthful Nutrition,60.058476141827384,7.161383648896816,47.79259773995698,76.07948700587133,68.83708734683412,48.12029589022398,0.4396348984045752,0.11844986301369864,0.04249999999999999,0.72,0.18,0.1
Movement + Exercise,65.37687951270696,18.727087517944888,27.26654501884822,113.97295776250512,69.16388113246613,40.59963684108675,0.3149751109165434,0.28379368421052636,0.055,0.54,0.36,0.1
Restorative Sleep,59.46510211828299,9.111862716946163,36.379100971708795,80.97980712868926,72.27421859986868,52.312132805209856,0.3354471855663914,0.21320383561643838,0.04600000000000001,0.63,0.27,0.1
Cognitive Health,57.40663826992607,10.991382777157357,28.93671762576987,82.60854554336113,81.19907909335608,28.845977144843687,0.20509209698497496,0.31947428571428577,0.049499999999999995,0.36,0.54,0.1
Stress Management,68.72394220005084,14.05587701764106,40.503826609434036,102.13447623061482,52.057050059391614,18.203596311158986,0.15309578563687207,0.4791436363636364,0.055,0.27,0.63,0.1
Connection + Purpose,62.35359064337579,9.360358630932954,42.84,91.02,63.970284156659325,20.866126641382397,0.054707906433757975,0.5183279999999999,0.05050000000000001,0.18,0.72,0.1
Core Care,69.78123212584097,6.817307899685742,52.28906384421839,85.55225468458296,44.69304780891898,30.14694091897395,0.2905678709966297,0.3477444502617802,0.059500000000000004,0.495,0.405,0.1
